T_star,T_k,Var_star,Var_k,PT_star,PT_k,PoR,VarRed,PTgain
2512.8849999999998,2657.615,183877.976925,107583.12925,3218.2773748584705,3197.1728164837677,0.057595154573329074,0.41492107402355793,0.006557718902532704
1458.96,1566.0,113729.32004999998,133373.10035000002,2013.7161475894623,2166.7586402829415,0.07336733015298566,-0.17272397558838692,-0.07600003251534743
2405.68,2629.0099999999998,164423.706425,151489.5323,3072.714227141839,3269.27124483847,0.0928344584483389,0.07866368181464023,-0.06396853178222942
4147.025,4237.605,308620.101925,252259.48032500004,5060.881504770633,5063.813484734003,0.021842163960911723,0.18262135631624077,-0.0005793417531326446
2867.015,2978.825,262443.90725,153841.83240000004,3709.7366468776518,3624.038022590377,0.03899874957054635,0.4138106157158653,0.023100999462968428
1045.35,1185.5449999999998,73295.49825,38908.027525000005,1490.7031751901586,1510.023189071836,0.13411297651504275,0.4691621115352742,-0.012960335902694277
1859.25,1859.25,192963.67624999996,192963.67624999996,2581.859529430941,2581.859529430941,0.0,0.0,0.0
2262.86,2558.635,314496.47255,181867.90719999996,3185.3757544086247,3260.1612672066385,0.13070848395393445,0.42171717944758247,-0.023477767950769734
1801.365,1849.65,163870.59607499998,149507.98724999995,2467.2763527669067,2485.7100216946365,0.02680467312288186,0.08764604004019472,-0.007471262352536008
1452.6999999999998,1657.5549999999998,146904.227075,90245.022525,2083.197034941979,2151.726313491802,0.14101672747298138,0.3856880477719229,-0.032896205879887806
1426.845,1524.1650000000002,120625.678075,174808.29390000002,1998.173364876891,2211.940845389141,0.0682064274675947,-0.4491797823620236,-0.10698144829161034
1541.275,1594.535,115646.21227500003,80037.43807500001,2100.6867817596058,2059.920118334162,0.03455580606965012,0.30791128822554437,0.019406350237181118
2959.665,3136.5099999999998,266614.02055,253257.458675,3809.0554902686476,3964.3511771656545,0.059751694870872146,0.050096997327622406,-0.040770129837634374
2104.375,2104.375,245773.124,245773.124,2919.892147503411,2919.892147503411,0.0,0.0,0.0
2187.6,2187.6,475044.58792499994,475044.58792499994,3321.39122021638,3321.39122021638,0.0,0.0,0.0
2935.505,3056.8900000000003,413003.486175,298752.330775,3992.6699628495567,3956.0180642296846,0.04135063643223234,0.2766348450424192,0.009179796717711611
2273.6299999999997,2472.7599999999998,392846.6738,200210.351625,3304.6745773436005,3208.8131344651965,0.08758241226584806,0.4903600692647636,0.029007831371844293
2589.085,2716.4049999999997,578246.5712,228756.10062500002,3839.98454745834,3503.1830673060003,0.0491756740315593,0.6043969614030285,0.0877090717396939
1497.715,1726.875,131004.52685,126730.75512499998,2093.1153063227894,2312.4828821507854,0.1530064131026264,0.032623084314433504,-0.1048043436333107
1982.8700000000001,2174.04,162742.879225,175065.425125,2646.4860785837177,2862.3214954826826,0.09641075814349899,-0.07571788061438611,-0.08155547034446162
3073.1699999999996,3120.585,475157.71895,353146.17375,4207.096217362344,4098.144397081243,0.01542869414968922,0.25678114936156393,0.025897154391540937
1888.3749999999998,1956.3049999999998,159674.90000000002,108306.37759999999,2545.7061732091365,2497.673419327393,0.035972727874495306,0.3217069332750484,0.01886814526642454
2148.175,2177.2,370014.30912499997,108295.61007499998,3148.80878458354,2718.5415079718177,0.013511469037671342,0.7073204808454717,0.1366444601902459
1290.0649999999998,1327.9,79421.08842500001,61335.72075000001,1753.6547440682446,1735.3015141632623,0.029327979597927444,0.22771493105484975,0.010465703107788058
1833.77,1833.77,252308.21264999997,252308.21264999997,2660.0582857309646,2660.0582857309646,0.0,0.0,0.0
2050.8849999999998,2278.37,216347.75484999997,224070.27935000003,2816.0271000820508,3057.0482247360483,0.11092040753138287,-0.03569496020587004,-0.0855890643406716
2814.86,3244.135,873823.148275,272367.91475,4352.581458785971,4102.642068410837,0.15250314402847745,0.6883031591830944,0.057423253933735166
1772.1,1849.8149999999998,137380.51935,131943.75807500002,2381.817245839482,2447.3458426724947,0.04385474860335191,0.03957447024311289,-0.027512017115283262
2434.72,2572.1349999999998,281158.19922500005,339356.30777500005,3306.9706039309062,3530.418179830912,0.05643975487941118,-0.20699417164578682,-0.06756866106835047
2094.02,2222.77,224907.417875,122811.491675,2874.151460367544,2799.251540693058,0.061484608551971805,0.4539464601240646,0.026059837384112
902.0949999999999,1084.995,57147.99427499999,45200.96265,1295.3428877349588,1434.730521437223,0.20275026466170415,0.20905425949876855,-0.1076067464623192
1233.26,1293.85,116189.64000000001,105884.73255,1793.984594235887,1829.1319195513834,0.0491299482671942,0.08869041551381007,-0.01959176540781091
1995.3150000000003,2167.015,427541.33247499994,150687.27775,3070.925307783754,2805.578654441312,0.08605157581634958,0.6475492161712545,0.0864060915678665
1177.395,1177.395,87526.39355,87526.39355,1664.065945409872,1664.065945409872,0.0,0.0,0.0
1922.2150000000001,1943.04,177818.02557499998,222392.43045,2615.8864082738237,2718.7973567865542,0.010833855734139947,-0.2506742763050165,-0.0393407558475139
2571.065,2571.065,198831.543675,198831.543675,3304.5792316091365,3304.5792316091365,0.0,0.0,0.0
2196.325,2312.2650000000003,163388.96599999996,128622.455725,2861.2570466936077,2902.2273553695977,0.05278818025565457,0.21278370948868086,-0.014318989174123399
1563.875,1660.0099999999998,168839.79715,91572.44075,2239.8074759787983,2157.802440662289,0.061472304372152356,0.4576371075082164,0.036612537548868125
3059.7299999999996,3170.545,328352.66469999996,325623.82327500003,4002.348968350848,4109.238883210992,0.03621724792710485,0.008310702845957252,-0.026706795360772247
616.7449999999999,654.0450000000001,44772.64829999999,53078.905125000005,964.8195690452083,1033.034240270589,0.06047880404381096,-0.1855207842373714,-0.07070199798381617
2007.0700000000002,2158.7349999999997,334223.242325,407329.8952499999,2958.0781226322456,3208.613507158748,0.07556537639444538,-0.21873599339303484,-0.08469532383531618
1214.345,1214.345,109084.67747499997,109084.67747499997,1757.6550996339815,1757.6550996339815,0.0,0.0,0.0
876.86,887.905,80630.76382500002,139535.111125,1343.9669071203568,1502.384860599213,0.012596081472526924,-0.7305443295544765,-0.11787340345923358
490.92499999999995,520.795,57917.63617500001,87867.24744999998,886.8120690366817,1008.4126455799012,0.06084432448948415,-0.517106934138442,-0.13712102122754227
2683.6950000000006,2755.1200000000003,856903.6235,394581.16675,4206.456513757683,3788.4381996629445,0.026614425260694567,0.5395267846594654,0.09937540367469937
1724.7350000000001,1797.4850000000001,242298.69772500003,341260.5406250001,2534.4672603869094,2758.453029876523,0.04218039292992836,-0.40842911591839437,-0.08837587803577315
697.99,737.2249999999999,39456.475475,39299.929000000004,1024.7471101708988,1063.3332494697504,0.05621140704021533,0.003967573715477624,-0.03765430408719715
988.3050000000001,1057.1799999999998,103385.547425,111006.59125,1517.2320989188734,1605.2553698965874,0.06969002484050953,-0.07371478910559137,-0.058015692549898135
1542.175,1673.095,109564.46465000001,105105.30042500001,2086.6786092208354,2206.403138492711,0.08489308930568844,0.04069900071382315,-0.05737564411827697
2511.7149999999997,2601.1,228913.16777500004,163649.17777500002,3298.7631273901516,3266.5613184014487,0.03558723820178652,0.2851036951450008,0.009761782748608453
3014.745,3175.0849999999996,247136.66932500002,179848.00447499997,3832.5212564480476,3872.704664508865,0.05318526110831918,0.27227309097344554,-0.010484849364686633
2716.5849999999996,2789.1049999999996,126999.16967500001,119459.84707500001,3302.8127101261857,3357.665755488036,0.026695281023785374,0.05936513301066193,-0.016607979372755533
1178.495,1448.44,111173.30937500001,106826.996725,1726.9817860773715,1986.098370912951,0.22905909655959525,0.03909492911953716,-0.15004013761148646
2786.8299999999995,2811.78,235859.37985000003,284876.267225,3585.7301053689976,3689.779032469587,0.008952824535404288,-0.20782250596170204,-0.029017501050844455
577.51,624.72,37438.262774999996,49765.251449999996,895.8005512667936,991.6886833436693,0.08174750220775404,-0.329261770213108,-0.1070418319583257
2548.8250000000003,2773.3399999999997,215925.90450000003,235311.361925,3313.220771655373,3571.3114457003444,0.08808568654183767,-0.08977828514781083,-0.07789721598178391
718.0,820.98,61276.65275000001,41429.614925,1125.2052974333938,1155.8076776603498,0.14342618384401118,0.32389232985641503,-0.02719715264117616
2748.555,2933.145,365558.8219750001,297772.66244999995,3743.146027123661,3830.7976437917177,0.06715892532621692,0.18543160621530808,-0.02341656350912141
1283.215,1477.87,88110.73335,101426.611975,1771.5077884102259,2001.7621145328008,0.15169320807503028,-0.15112663484601452,-0.12997646842366303
832.825,832.825,36429.18525,36429.18525,1146.7967917522708,1146.7967917522708,0.0,0.0,0.0
1441.8899999999999,1579.725,83733.865625,82648.09795000001,1917.9004344737523,2052.639177473195,0.09559328381499285,0.012966888210590666,-0.07025325224268664
1715.3850000000002,1839.16,153254.177825,137112.896875,2359.364531156772,2448.2830801456894,0.07215581341797897,0.10532359495237786,-0.03768749924596073
2156.6949999999997,2156.6949999999997,159538.90695,159538.90695,2813.7461933474997,2813.7461933474997,0.0,0.0,0.0
3236.6649999999995,3456.1600000000003,244706.54975,181019.60014999998,4050.4106858793434,4156.048250720002,0.06781517395220106,0.26025845922417945,-0.026080704657662362
2483.7349999999997,2483.7349999999997,154522.079325,154522.079325,3130.3729278278015,3130.3729278278015,0.0,0.0,0.0
1994.885,2094.9400000000005,110714.90110000002,144331.337675,2542.2398120270136,2719.891364533267,0.05015577339044633,-0.30363064267778106,-0.06987993487703492
1828.06,1953.815,214115.20565,228305.70249999998,2589.2440115038157,2739.818141601586,0.0687915057492643,-0.06627505415564117,-0.058153704103893145
2022.175,2139.09,370739.209325,143296.0635,3023.788482793479,2761.795974142362,0.05781645999975284,0.6134855448364978,0.08664379474356601
1201.11,1222.635,81911.97589999999,76064.57505,1671.9134139476873,1676.3228240593153,0.017920923146089944,0.07138639723620677,-0.0026373435818165614
2385.33,2390.01,158168.601825,164792.551575,3039.5533492879135,3057.7919736828326,0.0019619926802581997,-0.041879043461032994,-0.006000429108833331
3807.385,4120.6,581344.8509,512679.06565,5061.631267746759,5298.446496206336,0.0822651242256825,0.11811540971541434,-0.046786345336648376
821.185,821.185,49194.133924999995,49194.133924999995,1186.04189832371,1186.04189832371,0.0,0.0,0.0
3215.1699999999996,3523.9399999999996,373277.40357499995,229446.90529999998,4220.206310791325,4311.905140037573,0.09603535738390194,0.38531798843832543,-0.02172851810864505
1248.5600000000002,1334.62,79597.987,110159.74927500002,1712.665745247433,1880.6008014315905,0.06892740436983381,-0.383951446850032,-0.09805477609987201
2887.12,2906.28,213203.2442,223393.19494999998,3646.6812607856623,3683.780849108587,0.006636371193438551,-0.0477945389069272,-0.010173520982454009
1621.1449999999998,1657.24,171036.19412499995,208586.41035000005,2301.4597927298823,2408.532247442604,0.022265127425369267,-0.2195454384208113,-0.04652371292818341
1672.1750000000002,1688.0900000000001,136126.30599999998,134530.3835,2279.1026622412674,2291.4494127968733,0.009517544515376657,0.011723836096749651,-0.005417373583103158
1766.1849999999997,1922.265,126229.38025,102343.81812499998,2350.633337058979,2448.5205752119905,0.0883712634859884,0.18922347616453594,-0.04164292091402229
1795.095,1862.185,190999.96550000002,120530.049225,2514.0182793853164,2433.286852959768,0.037374066553580686,0.36895250787362066,0.032112505739332706
2339.1900000000005,2756.99,182192.68884999998,119980.0638,3041.342384347815,3326.7873781480525,0.17860883468209046,0.3414660897903532,-0.09385493565909332
2605.5750000000003,2682.19,381281.7525249999,169695.608,3621.3298692359112,3359.833385298049,0.029404258177177695,0.5549338333759537,0.07221007016216313
1684.585,1859.775,167591.24637500002,286035.4136250001,2358.013617205944,2739.558484815776,0.10399593965279286,-0.7067443545647423,-0.16180774564904002
1951.1699999999998,2153.885,266123.327,117581.48162500001,2799.778493915289,2717.9580704565597,0.10389407381212318,0.5581692031642156,0.029223891688770442
1191.285,1518.9599999999998,102027.741075,126048.723375,1716.727307054235,2102.9899621345076,0.2750601241516511,-0.23543579468590137,-0.22499942389980845
2621.12,2697.94,278644.81327499996,271200.06135,3489.4631527008673,3554.604546957929,0.029308082041264866,0.02671771219244845,-0.018668027546484264
1466.905,1482.6950000000002,84839.536925,78828.345825,1946.0478888207285,1944.5515518763327,0.010764159914923046,0.07085365288254719,0.0007689106485979446
1899.22,1899.22,199483.253525,199483.253525,2633.9353674178783,2633.9353674178783,0.0,0.0,0.0
3569.955,3748.2700000000004,511254.9540000001,336525.174075,4746.164457068702,4702.547493277664,0.04994880887854343,0.3417664289762561,0.009189939410143493
1934.8249999999998,1934.8249999999998,256168.54725,256168.54725,2767.410426891548,2767.410426891548,0.0,0.0,0.0
1820.305,1861.2749999999996,130643.18035,137856.193675,2414.8836004445575,2472.046893991031,0.02250721719711783,-0.055211556436975506,-0.023671241767491556
3829.7000000000003,3926.07,337421.54145,266533.312525,4785.2475533442785,4775.331918977569,0.02516385095438282,0.21008803593384218,0.0020721256854892203
1334.8049999999998,1382.065,156468.95462499998,81724.38815000001,1985.503780496103,1852.3290082375047,0.035405920715010974,0.4776958256935755,0.06707354252698673
2295.37,2435.0899999999997,341068.2471999999,301014.97650000005,3256.067248684194,3337.6164825939522,0.06087036076972332,0.1174347686388787,-0.025045316230097203
1443.5949999999998,1512.6549999999997,87859.25367499997,90408.467725,1931.1904644230108,2007.2736145663575,0.04783890218516963,-0.029014747375726735,-0.03939702041045362
1554.27,1645.1899999999998,152686.26500000004,221630.09042499997,2197.055228709112,2419.616604296566,0.05849691495042679,-0.4515391441725287,-0.10129985476888581
2486.09,2664.69,262975.70815,275763.24492500006,3329.665035575736,3528.531556564729,0.0718397161808301,-0.048626304174475665,-0.05972568377425585
1932.855,1932.855,118713.88047499998,118713.88047499998,2499.6377876818083,2499.6377876818083,0.0,0.0,0.0
2274.735,2348.835,129498.115575,123260.95467499999,2866.7021766228595,2926.370474992157,0.032575223047959394,0.04816410549532446,-0.020814264856627115
1139.67,1242.365,88934.64735,63484.07579999999,1630.240462925851,1656.8399645234258,0.09010941763843913,0.28617161374509015,-0.01631630560183477
2336.805,2546.52,210466.68004999997,149636.57095,3091.4758540034527,3182.853483249918,0.08974433039984088,0.28902489023701394,-0.029557930762464674
2778.34,2958.2999999999997,171756.86745000002,124516.32657499998,3460.086563791404,3538.76902813166,0.06477249004801412,0.2750430977017684,-0.02274002771018521
1988.955,2069.2850000000003,197581.437975,168843.88942500006,2720.1596982181522,2745.2256674267246,0.040388042967287034,0.14544660087774086,-0.009214888826193512
2351.4300000000003,2351.4300000000003,142723.13925,142723.13925,2972.889880353496,2972.889880353496,0.0,0.0,0.0
3092.14,3216.2799999999997,483756.1973000001,234143.73475,4236.280010575075,4012.269195797825,0.040146953242738,0.5159881443238723,0.05287913315882072
3388.3,3436.2949999999996,340021.97514999995,242213.7798,4347.522583817374,4245.885355354666,0.01416492046158824,0.2876525710047184,0.023378194478167483
2976.0099999999998,2977.52,309241.04045,340597.51194999996,3890.7853748782873,3937.554052664018,0.0005073907681762556,-0.1013981567723703,-0.01202036948316475
1739.97,1739.97,114364.35102500001,114364.35102500001,2296.272788940003,2296.272788940003,0.0,0.0,0.0
1977.28,2051.245,145003.69997500003,136958.08275,2603.685329818361,2660.024102691254,0.03740744861628091,0.05548559951495835,-0.02163808822351946
2879.0,2905.635,200110.996975,186547.76455000002,3614.8704781340766,3616.129837818273,0.0092514762070164,0.06777854605708866,-0.0003483830725924725
3258.0399999999995,3678.28,462864.42650000006,210711.31295,4377.201610188476,4433.389317003521,0.1289855250395946,0.5447666727311136,-0.01283644479254997
2304.5999999999995,2393.6499999999996,269765.7013,266520.972,3158.996121164142,3242.8922582845835,0.03864011108218355,0.012027953458737195,-0.0265578474624794
1205.365,1282.3899999999999,61514.08462499999,66633.67395,1613.358444613226,1707.0220613784934,0.06390180567711844,-0.08322629453416841,-0.05805505718707258
2601.3549999999996,2723.53,172759.10882500003,127297.84750000002,3285.08774563836,3310.4466531810012,0.0469659081517135,0.26314827411532293,-0.007719400364970597
1106.685,1171.8649999999998,129845.88744999998,115167.25434999997,1699.446518308068,1730.1171557974126,0.058896614664515956,0.11304657689410713,-0.018047427299965575
2528.9649999999997,2641.61,204298.69345000002,189813.91872500003,3272.495343659918,3358.297665177669,0.04454193711656763,0.07089998707478273,-0.02621923410341377
1569.215,1746.275,124523.81997500002,118198.99764999999,2149.7014941993475,2311.827334108738,0.11283348680709793,0.05079206794547286,-0.07541783840540794
2527.1,2794.525,1006204.36995,277680.41352500004,4177.195203372808,3661.3641667483585,0.10582287998100597,0.7240317953113258,0.12348741476288917
1805.8900000000003,1877.3799999999999,178237.3082,184567.07875,2500.378741393196,2584.092904420507,0.039587128784144957,-0.035513162838485934,-0.03348059301634673
1526.635,1594.4600000000003,100917.30970000001,113454.01255000001,2049.2101266382115,2148.5442844826175,0.044427777432064816,-0.12422747779611099,-0.04847436412358873
1555.435,1555.435,131175.28084999998,131175.28084999998,2151.2232084785846,2151.2232084785846,0.0,0.0,0.0
817.695,1035.925,62077.930175,54650.04662500001,1227.554037965255,1420.4823980804629,0.2668843517448436,0.11965417547042101,-0.157164861300117
2240.6150000000002,2358.24,159167.950575,104234.019,2896.901868263197,2889.3330815445393,0.05249674754475871,0.34513186465333745,0.002612717676624406
291.97,317.90999999999997,10209.008625000002,11920.875525000001,458.18020595759344,497.51564354311955,0.08884474432304668,-0.16768199174677445,-0.08585145554971176
1127.735,1154.98,126854.87037499998,127736.11562499999,1713.6295729450899,1742.9061197498718,0.024159044456366185,-0.006946877541200713,-0.017084524722846862
1123.68,1136.335,133849.9338,141049.40982499998,1725.511593646549,1754.140170925022,0.011262103089847618,-0.05378766967309456,-0.016591356084702805
2940.0799999999995,3214.28,441097.73354999995,277423.77859999996,4032.609859742807,4080.7185035800667,0.09326276836004489,0.3710605212879584,-0.011929902844687227
2588.54,2598.04,725647.14265,432205.3684250001,3989.832014245948,3679.5012947730775,0.0036700224837166897,0.4043863153010927,0.07778039736129615
855.3100000000001,887.245,60738.38969999999,65311.678199999995,1260.7228771856446,1307.6436607984795,0.037337339678011415,-0.0752948591918301,-0.037217365102137065
1460.275,1599.66,145093.183725,98126.59874999999,2086.8735816209955,2114.958970872705,0.09545119926041326,0.32369945830134494,-0.01345811720415464
1659.885,1683.3300000000002,105612.83742499999,133682.24060000002,2194.479218443284,2284.7844746858364,0.014124472478515176,-0.2657764326702543,-0.04115111024228014
2587.9149999999995,2627.31,273189.351225,255278.15929999997,3447.7156828030725,3458.4472215343158,0.015222679261104188,0.06556328731220673,-0.0031126518885450268
1259.8300000000002,1266.58,122101.15487500001,130374.541725,1834.6419497893394,1860.5469765832045,0.005357865743790648,-0.06775846517151951,-0.014119935934550938
2328.8599999999997,2554.25,446089.293825,302370.186925,3427.554125461129,3458.8058496155572,0.09678125778277799,0.32217564709450475,-0.009117791582714635
1939.9849999999997,1985.865,230605.58852499997,170104.96180000002,2729.9372059519565,2664.3252267302373,0.023649667394335702,0.262355423005896,0.024034244845877174
1645.505,1963.5400000000002,168921.24115,132650.565725,2321.6004825931977,2562.6691572908076,0.19327501283800416,0.21471944663721765,-0.10383727799209415
1981.27,2543.285,178787.14500000002,210939.382125,2676.8291161422767,3298.802863134157,0.2836640134862991,-0.17983528471803711,-0.23235467039757865
1499.6450000000002,1523.005,114746.70475,102146.04785000002,2056.876955043067,2048.7518584150516,0.015577019894708345,0.10981279965688939,0.003950210345881032
1606.7649999999999,1733.48,399346.624125,169277.95544999998,2646.3042962980535,2410.2889681709207,0.07886343055767343,0.5761127170640259,0.0891867683007194
2454.59,2476.105,699690.41835,416006.37224999996,3830.591367846544,3537.106245742815,0.008765211298017132,0.4054422336795461,0.07661613936876757
2034.355,2154.7200000000003,294411.225125,304251.88905,2926.9266416450155,3062.0860882281895,0.05916617306222377,-0.03342489377170277,-0.046177941278094554
1702.1849999999997,1838.765,125494.71220000001,148299.5357,2284.9300802718153,2472.2492153460435,0.08023804698079257,-0.1817193975763387,-0.08198024818857681
2666.805,2703.915,158154.26937500003,194935.52182500003,3320.9987073875627,3430.207224553241,0.013915528131978203,-0.23256566259863565,-0.03288423958815273
1587.415,1684.585,229765.00665,208094.73582499998,2375.926161696565,2434.9912616415495,0.06121272635070229,0.09431493133334368,-0.024859821360276688
434.71500000000003,434.71500000000003,21839.938249999996,21839.938249999996,677.8187204630078,677.8187204630078,0.0,0.0,0.0
2689.8149999999996,2692.535,258785.86729999998,259044.46477499997,3526.6429551738706,3529.7809601531494,0.0010112219613617498,-0.0009992720147280476,-0.0008897994549391706
1438.0749999999998,1473.285,112263.64657499998,142826.2402,1989.2448778263506,2094.9693062497277,0.02448411939572016,-0.27223945201692756,-0.05314802094094228
975.5799999999999,991.8199999999999,105801.42974999998,98509.36897500002,1510.6513166852094,1508.1230265072772,0.016646507718485425,0.06892213831354166,0.0016736424547525127
2483.075,2483.075,292171.55225,292171.55225,3372.2451325827956,3372.2451325827956,0.0,0.0,0.0
770.2850000000001,938.88,54930.078100000006,28186.551375000003,1155.826391539939,1215.0565969167815,0.21887353382189695,0.48686489533682276,-0.05124489785868997
1581.89,1600.8500000000001,129222.4663,118941.797875,2173.226811275484,2168.176606633866,0.011985662719911016,0.07955790288921294,0.0023238276904259986
1834.1799999999998,1922.935,117273.974,137782.026075,2397.5149851494666,2533.542572103067,0.04838947104428143,-0.174873003578782,-0.05673690792181642
1929.3400000000001,1929.9250000000002,144086.67184999998,144202.11672499997,2553.7614411700615,2554.596540019848,0.000303212497538037,-0.000801218277289184,-0.0003270073846066734
798.095,872.7950000000001,49717.686275,49677.16109999998,1164.8882687527225,1239.4387506158089,0.09359787995163489,0.0008151058111566245,-0.06399796775609182
492.58,492.58,29391.733174999998,29391.733174999998,774.599085816686,774.599085816686,0.0,0.0,0.0
1242.815,1290.53,112139.14347499999,118828.82107500001,1793.679162677095,1857.5871051926579,0.038392681131141734,-0.059655151561697206,-0.03562952831552058
1267.775,1326.77,117445.87965,132714.60864999998,1831.5227152768703,1926.043767882523,0.04653428250280995,-0.13000651062005963,-0.051607906261410534
1590.72,1590.72,482635.87840000005,482635.87840000005,2733.5344,2733.5344,0.0,0.0,0.0
2493.14,2716.54,242652.147775,282010.4761,3303.4626383255277,3590.1116333469754,0.08960587853068824,-0.1622006179870914,-0.08677228302686223
2006.15,2139.17,403167.4293,233410.04895,3050.6504274156778,2933.911107348754,0.06630610871569921,0.42105926226417023,0.038267026276694135
1970.625,2204.9750000000004,263621.97555,183595.03950000004,2815.2359497204548,2909.8244639020363,0.11892166190929292,0.3035670144078014,-0.033598787409266334
2143.09,2240.955,240178.03142500002,221624.31345,2949.2709706801793,3015.3715111898996,0.04566537102968134,0.07724985447219712,-0.02241250165442607
1586.3850000000002,1656.79,143843.998325,108249.43207499999,2210.2803883203565,2198.0160797769745,0.04438077768007119,0.24745256433694174,0.005548756894459843
1939.0549999999998,1975.3100000000004,138122.06815,126408.29315,2550.4155887408865,2560.1723782320328,0.01869725201193394,0.08480741098720657,-0.0038255684815520948
660.59,660.59,40110.440625,40110.440625,990.0438739979629,990.0438739979629,0.0,0.0,0.0
2131.1549999999997,2218.52,364226.10157500004,299734.38362499996,3123.9313778991163,3119.124649915178,0.04099420267413691,0.17706506390157817,0.0015386791201447358
2285.565,2485.565,198929.76454999996,226239.372125,3019.2603837366114,3268.003110622529,0.0875057152170251,-0.13728266173127612,-0.08238531801555847
1164.205,1164.3600000000001,62221.20479999999,65893.784225,1574.5367386200096,1586.627956939022,0.0001331380641727188,-0.0590245630377122,-0.007679222734179957
1594.3899999999999,1725.185,141286.2175,169310.32305,2212.7135695899333,2402.058671323812,0.08203450849541209,-0.1983498889408657,-0.08557144690397904
835.8799999999999,1002.4,84676.25025000001,110569.5504,1314.561574831073,1549.3953999999999,0.19921519835383084,-0.3057917665644385,-0.17864041492244606
1806.1999999999998,1962.4050000000002,163147.29855,130461.150275,2470.640116608535,2556.5692316505656,0.08648267080057602,0.20034746860967867,-0.0347801019113969
3090.7400000000002,3127.1150000000002,1088914.6178,320629.689525,4807.31513049451,4058.5826352922245,0.01176902618790322,0.7055511200935225,0.1557485779230093
2155.635,2264.28,168167.68807500004,167815.96364999996,2830.220775215541,2938.1599544696305,0.050400462044826684,0.002091510141016051,-0.03813807749533931
3030.79,3149.19,313276.206625,256919.5514,3951.5143056596344,3982.9949706479238,0.03906572213845238,0.17989446384117014,-0.007966734409439081
783.21,960.75,49550.288075,56500.363724999996,1149.3852562478137,1351.7632948493479,0.2266824989466426,-0.14026307252705106,-0.17607502575959647
1968.225,1978.785,255905.22065,233929.92917499997,2800.3823917892073,2774.4106887480316,0.005365240254544157,0.08587277515942315,0.00927434164609998
2159.2200000000003,2383.1850000000004,394595.539,308842.86264999997,3192.5570183161326,3297.371254218727,0.10372495623419574,0.21731790624728786,-0.03283081094597863
1474.835,1499.755,162515.44112499998,133887.7403,2137.9872046787436,2101.6715826302743,0.016896805405350476,0.17615372808163354,0.016985893072230127
1278.7749999999999,1349.205,76703.810275,60515.95205000001,1734.3651976550932,1753.874839679338,0.05507614709389851,0.21104372999154752,-0.011248866184943277
1136.1950000000002,1290.42,65735.90960000001,70393.25300000001,1557.956798620193,1726.866906793169,0.13573814354050132,-0.07084930334637063,-0.10841770986369548
1412.5599999999997,1508.5,96365.0739,142208.361525,1923.2128165987604,2128.838118686647,0.06791923882879333,-0.4757251332839998,-0.10691760179278485
973.6899999999998,1180.045,61874.5042,75578.62655,1382.8769441072195,1632.281279957683,0.2119309020324747,-0.22148253997645773,-0.180351792625683
2712.7449999999994,2892.7799999999997,413086.01875,198827.64234999995,3770.0155868830207,3626.287035337875,0.0663663558498865,0.5186773860038807,0.03812412660712046
1386.64,1477.24,70316.11415000001,59834.234150000004,1822.8477060217458,1879.6240621418222,0.06533779495759527,0.14906796438779035,-0.031147065074343092
958.2900000000001,1124.555,92539.021425,59658.400075,1458.7027351013219,1526.3473867657922,0.1735017583403771,0.3553162854293712,-0.046373157488987425
2728.935,3042.315,380532.7505999999,288344.513675,3743.6916882964433,3925.6424945440067,0.11483600745345716,0.2422609795862336,-0.048601974039790545
431.09,468.865,43529.190075,18477.698725000006,774.2970462165686,692.4742902638845,0.0876267136792782,0.5755101647156019,0.10567359949581732
2208.39,2208.39,241898.80130000002,241898.80130000002,3017.453782274199,3017.453782274199,0.0,0.0,0.0
2259.2549999999997,2406.375,194573.737475,200898.18217499997,2984.87294213676,3143.691420148164,0.06511881128956243,-0.03250410246558877,-0.05320778508505358
2045.8349999999998,2283.4399999999996,148703.57509999996,122050.96887500002,2680.181586504552,2858.1338080838973,0.11614084224778626,0.17923312339381636,-0.06639558396915476
2726.895,2799.89,247482.14057499997,197024.741375,3545.242639728657,3530.063866814805,0.026768540776230802,0.20388299164847712,0.004281448255122543
2481.45,2606.5550000000003,316322.42834999994,313506.1556249999,3406.63992600212,3527.617155761022,0.05041608736827278,0.008903171171548818,-0.035512185727499375
662.6700000000001,673.7149999999999,26110.518825,26450.539250000005,928.4814307237758,941.2515778243812,0.01666742119003402,-0.013022354219727195,-0.013753799136995929
2692.14,2702.8900000000003,215150.43707499997,197289.085425,3455.161927264136,3433.553532268572,0.0039931058563077906,0.08301796590714627,0.006253945676194136
634.885,634.885,32876.857225,32876.857225,933.1560136306923,933.1560136306923,0.0,0.0,0.0
1726.3300000000002,1907.335,132066.3375,259262.95712500002,2324.1383396318906,2744.933975377942,0.10484959422590111,-0.9631267288305019,-0.18105447019676937
1649.59,1675.745,113129.94889999999,102640.74619999998,2202.8823910303868,2202.7634296927904,0.015855454991846443,0.09271817765313262,5.400258228980212e-05
1879.3950000000002,2043.89,173095.74185000002,152232.17405,2563.793571623032,2685.7186911502567,0.0875255068785433,0.12053195287773055,-0.04755652751326572
2405.81,2446.485,338143.47952500003,168567.24494999996,3362.3792390943995,3121.8716885094964,0.016906987667355353,0.5014919548743295,0.07152897798931206
913.7549999999999,1039.625,54427.83475000001,51026.869425000004,1297.5297796942482,1411.216152122579,0.1377502722283327,0.06248577296196789,-0.08761754389569383
1041.48,1087.29,102730.60627500001,116167.21609999999,1568.7290766661492,1647.9604833919852,0.0439854821984099,-0.13079461235760115,-0.050506749638514994
